"File","ServerListen","Express","HttpServer","WsServer","Bootstrap","RequireEnv","Main"
"\admin\admin.controller.js","False","False","False","False","False","False","False"
"\admin\admin.service.js","False","False","False","False","False","False","False"
"\ai\agents\ai.admin.agent.js","False","False","False","False","False","False","True"
"\ai\agents\ai.market.agent.js","False","False","False","False","False","False","True"
"\ai\agents\ai.mentor.agent.js","False","False","False","False","False","False","True"
"\ai\agents\ai.tutor.agent.js","False","False","False","False","False","False","True"
"\ai\alerts\ai.alert.bus.js","False","False","False","False","False","False","True"
"\ai\alerts\ai.alert.engine.js","False","False","False","False","False","False","True"
"\ai\alerts\ai.alert.processor.js","False","False","False","False","False","False","True"
"\ai\alerts\ai.alert.rules.js","False","False","False","False","False","False","True"
"\ai\alerts\ai.alert.socket.js","False","False","False","False","False","False","True"
"\ai\alerts\ai.alert.webhook.js","False","False","False","False","False","False","True"
"\ai\alerts\alert.controller.js","False","False","False","False","False","False","True"
"\ai\alerts\alert.routes.js","False","False","False","False","False","False","True"
"\ai\analytics\ai.analytics.engine.js","False","False","False","False","False","False","True"
"\ai\analytics\ai.business.insights.js","False","False","False","False","False","False","True"
"\ai\analytics\ai.metrics.collector.js","False","False","False","False","False","False","True"
"\ai\analytics\analytics.controller.js","False","False","False","False","False","False","True"
"\ai\analytics\analytics.routes.js","False","False","False","False","False","False","True"
"\ai\analytics\behavior.analytics.js","False","False","False","False","False","False","False"
"\ai\analytics\learning.analytics.js","False","False","False","False","False","False","False"
"\ai\analytics\usage.tracker.js","False","False","False","False","False","False","False"
"\ai\approval\ai.approval.audit.js","False","False","False","False","False","False","True"
"\ai\approval\ai.approval.engine.js","False","False","False","False","False","False","True"
"\ai\approval\ai.approval.notifications.js","False","False","False","False","False","False","True"
"\ai\approval\ai.approval.policy.manager.js","False","False","False","False","False","False","True"
"\ai\approval\ai.approval.queue.js","False","False","False","False","False","False","True"
"\ai\approval\ai.approval.rules.js","False","False","False","False","False","False","True"
"\ai\approval\approval.controller.js","False","False","False","False","False","False","True"
"\ai\approval\approval.routes.js","False","False","False","False","False","False","True"
"\ai\bridge\learning.engine.bridge.js","False","False","False","False","False","False","False"
"\ai\business\revenue.engine.js","False","False","False","False","False","False","False"
"\ai\ceo\ai_ceo_brain.engine.js","False","False","False","False","False","False","False"
"\ai\chatbot\ai.agent.executor.js","False","False","False","False","False","False","True"
"\ai\chatbot\ai.analytics.chatbot.assistant.js","False","False","False","False","False","False","True"
"\ai\chatbot\ai.chat.formatter.js","False","False","False","False","False","False","True"
"\ai\chatbot\ai.chat.memory.js","False","False","False","False","False","False","True"
"\ai\chatbot\ai.chat.router.js","False","False","False","False","False","False","True"
"\ai\chatbot\chatbot.controller.js","False","False","False","False","False","False","True"
"\ai\chatbot\chatbot.routes.js","False","False","False","False","False","False","True"
"\ai\command_center\ai_command.engine.js","False","False","False","False","False","False","False"
"\ai\control\self-learning-autonomous-control.system.js","False","False","False","False","False","False","False"
"\ai\control\system-control-brain.js","False","False","False","False","False","False","False"
"\ai\core\ai_admin_brain.engine.js","False","False","False","False","False","False","False"
"\ai\engines\adaptive.path.engine.js","False","False","False","False","False","False","False"
"\ai\engines\difficulty.adjuster.js","False","False","False","False","False","False","False"
"\ai\engines\learner.profile.engine.js","False","False","False","False","False","False","False"
"\ai\engines\mastery.scoring.engine.js","False","False","False","False","False","False","False"
"\ai\engines\mistake.analyzer.js","False","False","False","False","False","False","False"
"\ai\engines\question.generator.ai.js","False","False","False","False","False","False","False"
"\ai\engines\session.memory.engine.js","False","False","False","False","False","False","False"
"\ai\forecast\ai.revenue.forecast.engine.js","False","False","False","False","False","False","True"
"\ai\forecast\ai.revenue.pattern.detector.js","False","False","False","False","False","False","True"
"\ai\forecast\ai.revenue.predictor.js","False","False","False","False","False","False","True"
"\ai\forecast\ai.revenue.time.series.js","False","False","False","False","False","False","True"
"\ai\forecast\forecast.controller.js","False","False","False","False","False","False","True"
"\ai\forecast\forecast.routes.js","False","False","False","False","False","False","True"
"\ai\fraud\ai.fraud.anomaly.detector.js","False","False","False","False","False","False","True"
"\ai\fraud\ai.fraud.engine.js","False","False","False","False","False","False","True"
"\ai\fraud\ai.fraud.response.engine.js","False","False","False","False","False","False","True"
"\ai\fraud\ai.fraud.risk.scorer.js","False","False","False","False","False","False","True"
"\ai\fraud\ai.fraud.rules.js","False","False","False","False","False","False","True"
"\ai\fraud\ai.fraud.signals.js","False","False","False","False","False","False","True"
"\ai\fraud\fraud.controller.js","False","False","False","False","False","False","True"
"\ai\fraud\fraud.routes.js","False","False","False","False","False","False","True"
"\ai\graph\learning.graph.engine.js","False","False","False","False","False","False","False"
"\ai\graph\learning.graph.router.js","False","False","False","False","False","False","False"
"\ai\graph\learning.graph.rules.js","False","False","False","False","False","False","False"
"\ai\jobs\analytics\jobs.analytics.engine.js","False","False","False","False","False","False","False"
"\ai\jobs\api\jobs.api.engine.js","False","False","False","False","False","False","False"
"\ai\jobs\core\jobs.ai.nextlevel.engine.js","False","False","False","False","False","False","False"
"\ai\jobs\match\jobs.match.engine.js","False","False","False","False","False","False","False"
"\ai\jobs\profile\jobs.profile.engine.js","False","False","False","False","False","False","False"
"\ai\jobs\recommendation\jobs.recommendation.engine.js","False","False","False","False","False","False","False"
"\ai\jobs\vector\jobs.vector.engine.js","False","False","False","False","False","False","False"
"\ai\jobs\jobs.analytics.engine.js","False","False","False","False","False","False","False"
"\ai\jobs\jobs.api.engine.js","False","False","False","False","False","False","False"
"\ai\jobs\jobs.engine.js","False","False","False","False","False","False","False"
"\ai\jobs\jobs.explanation.engine.js","False","False","False","False","False","False","False"
"\ai\jobs\jobs.match.engine.js","False","False","False","False","False","False","False"
"\ai\jobs\jobs.profile.engine.js","False","False","False","False","False","False","False"
"\ai\jobs\jobs.recommendation.engine.js","False","False","False","False","False","False","False"
"\ai\jobs\jobs.vector.engine.js","False","False","False","False","False","False","False"
"\ai\learning-engine\analytics\learning.analytics.js","False","False","False","False","False","False","False"
"\ai\learning-engine\core\adaptive.path.engine.js","False","False","False","False","False","False","False"
"\ai\learning-engine\core\learner.profile.engine.js","False","False","False","False","False","False","False"
"\ai\learning-engine\core\mastery.scoring.engine.js","False","False","False","False","False","False","False"
"\ai\learning-engine\memory\session.memory.engine.js","False","False","False","False","False","False","False"
"\ai\learning-engine\recommendation\recommendation.engine.js","False","False","False","False","False","False","False"
"\ai\learning-engine\services\difficulty.adjuster.js","False","False","False","False","False","False","False"
"\ai\learning-engine\services\mistake.analyzer.js","False","False","False","False","False","False","False"
"\ai\learning-engine\services\question.generator.ai.js","False","False","False","False","False","False","False"
"\ai\learning-engine\learning.orchestrator.js","False","False","False","False","False","False","False"
"\ai\legal\analytics\legal-risk.analytics.js","False","False","False","False","False","False","False"
"\ai\legal\autonomous\decision-policy.engine.js","False","False","False","False","False","False","False"
"\ai\legal\autonomous\legal-ai.self-decision.engine.js","False","False","False","False","False","False","False"
"\ai\legal\autonomous\legal-autonomous.engine.js","False","False","False","False","False","False","False"
"\ai\legal\core\compliance.engine.js","False","False","False","False","False","False","False"
"\ai\legal\core\fraud-detection.engine.js","False","False","False","False","False","False","False"
"\ai\legal\core\legal-check.engine.js","False","False","False","False","False","False","False"
"\ai\legal\core\legal.router.js","False","False","False","False","False","False","False"
"\ai\legal\core\risk-scoring.engine.js","False","False","False","False","False","False","False"
"\ai\legal\realtime\legal-event-stream.engine.js","False","False","False","False","False","False","False"
"\ai\legal\ai-policy.engine.js","False","False","False","False","False","False","False"
"\ai\legal\certificate-policy.engine.js","False","False","False","False","False","False","False"
"\ai\legal\cgu.engine.js","False","False","False","False","False","False","False"
"\ai\legal\cgv.engine.js","False","False","False","False","False","False","False"
"\ai\legal\index.js","False","False","False","False","False","False","False"
"\ai\legal\kyc.engine.js","False","False","False","False","False","False","False"
"\ai\legal\legal-checklist.engine.js","False","False","False","False","False","False","False"
"\ai\legal\legal.router.js","False","False","False","False","False","False","False"
"\ai\legal\moderation.engine.js","False","False","False","False","False","False","False"
"\ai\legal\nda.engine.js","False","False","False","False","False","False","False"
"\ai\legal\partner-contract.engine.js","False","False","False","False","False","False","False"
"\ai\legal\payment-policy.engine.js","False","False","False","False","False","False","False"
"\ai\legal\privacy.engine.js","False","False","False","False","False","False","False"
"\ai\legal\refund.engine.js","False","False","False","False","False","False","False"
"\ai\legal\security-policy.engine.js","False","False","False","False","False","False","False"
"\ai\maturity\autonomous-maturity-control.system.js","False","False","False","False","False","False","False"
"\ai\maturity\feature-flag.engine.js","False","False","False","False","False","False","False"
"\ai\maturity\maturity.integration.js","False","False","False","False","False","False","False"
"\ai\maturity\maturity.level.engine.js","False","False","False","False","False","False","False"
"\ai\maturity\maturity.metrics.engine.js","False","False","False","False","False","False","False"
"\ai\maturity\system-maturity.engine.js","False","False","False","False","False","False","False"
"\ai\memory\learner.profile.engine.js","False","False","False","False","False","False","False"
"\ai\memory\session.memory.engine.js","False","False","False","False","False","False","False"
"\ai\orchestrator\ai_orchestrator.engine.js","False","False","False","False","False","False","False"
"\ai\orchestrator\learning.orchestrator.js","False","False","False","False","False","False","False"
"\ai\orchestrator\mentor.orchestrator.js","False","False","False","False","False","False","False"
"\ai\prompts\system.prompt.js","False","False","False","False","False","False","False"
"\ai\realtime\realtime.gateway.js","False","False","False","True","False","False","False"
"\ai\recommendation\content.ranker.js","False","False","False","False","False","False","False"
"\ai\recommendation\recommendation.engine.js","False","False","False","False","False","False","False"
"\ai\rules\learning.rules.js","System.Object[]","System.Object[]","System.Object[]","False","System.Object[]","System.Object[]","System.Object[]"
"\ai\self-healing\ai.diagnosis.engine.js","False","False","False","False","False","False","True"
"\ai\self-healing\ai.error.pattern.detector.js","False","False","False","False","False","False","True"
"\ai\self-healing\ai.failure.classifier.js","False","False","False","False","False","False","True"
"\ai\self-healing\ai.performance.bottleneck.detector.js","False","False","False","False","False","False","True"
"\ai\self-healing\ai.root.cause.engine.js","False","False","False","False","False","False","True"
"\ai\self-healing\ai.system.health.analyzer.js","False","False","False","False","False","False","True"
"\ai\self-healing\diagnosis.controller.js","False","False","False","False","False","False","True"
"\ai\self-healing\diagnosis.routes.js","False","False","False","False","False","False","True"
"\ai\self_learning\ai_self_learning.loop.js","False","False","False","False","False","False","False"
"\ai\stream\ai.learning.stream.js","False","False","False","False","False","False","False"
"\ai\stream\ai.stream.controller.js","False","False","False","False","False","False","False"
"\ai\stream\ai.stream.routes.js","False","False","False","False","False","False","False"
"\ai\stream\learning.stream.engine.js","False","False","False","False","False","False","False"
"\ai\stream\learning.stream.gateway.js","False","False","False","False","False","False","False"
"\ai\stream\learning.websocket.server.js","False","False","False","False","False","False","False"
"\ai\translation\translation.cache.engine.js","False","False","False","False","False","False","False"
"\ai\translation\translation.consensus.engine.js","False","False","False","False","False","False","False"
"\ai\translation\translation.governance.engine.js","False","False","False","False","False","False","False"
"\ai\translation\translation.review.engine.js","False","False","False","False","False","False","False"
"\ai\websocket\learning.websocket.server.js","False","False","False","False","False","False","False"
"\ai\adaptive.path.engine.js","False","False","False","False","False","False","False"
"\ai\admin.brain.engine.js","False","False","False","False","False","False","False"
"\ai\ai.adaptive.learning.service.js","False","False","False","False","False","False","True"
"\ai\ai.admin.agent.js","False","False","False","False","False","False","True"
"\ai\ai.business.recommendation.engine.js","False","False","False","False","False","False","True"
"\ai\ai.context.memory.service.js","False","False","False","False","False","False","True"
"\ai\ai.controller.js","False","False","False","False","False","False","False"
"\ai\ai.cost.engine.js","False","False","False","False","False","False","False"
"\ai\ai.event.bus.service.js","False","False","False","False","False","False","True"
"\ai\ai.gateway.service.js","False","False","False","False","False","False","True"
"\ai\ai.growth.signal.detector.js","False","False","False","False","False","False","True"
"\ai\ai.guard.js","False","False","False","False","False","False","False"
"\ai\ai.learning.evolution.engine.js","False","False","False","False","False","False","True"
"\ai\ai.market.agent.js","False","False","False","False","False","False","True"
"\ai\ai.mentor.agent.js","False","False","False","False","False","False","True"
"\ai\ai.metrics.service.js","False","False","False","False","False","False","True"
"\ai\ai.monetization.engine.js","False","False","False","False","False","False","False"
"\ai\ai.orchestrator.service.js","False","False","False","False","False","False","True"
"\ai\ai.prediction.panel.js","False","False","False","False","False","False","False"
"\ai\ai.prompt.engine.js","False","False","False","False","False","False","True"
"\ai\ai.recommendation.engine.js","False","False","False","False","False","False","True"
"\ai\ai.revenue.forecast.service.js","False","False","False","False","False","False","True"
"\ai\ai.revenue.prediction.engine.js","False","False","False","False","False","False","True"
"\ai\ai.routes.js","False","False","False","False","False","False","False"
"\ai\ai.security.guardian.agent.js","False","False","False","False","False","False","True"
"\ai\ai.self.healing.engine.js","False","False","False","False","False","False","True"
"\ai\ai.service.js","False","False","False","False","False","False","False"
"\ai\ai.tutor.agent.js","False","False","False","False","False","False","True"
"\ai\ai.vector.store.service.js","False","False","False","False","False","False","True"
"\ai\ai.websocket.gateway.js","False","False","False","True","False","False","True"
"\ai\ai_admin_brain.engine.js","False","False","False","False","False","False","False"
"\ai\ai_autonomous_brain.engine.js","False","False","False","False","False","False","False"
"\ai\ai_ceo_brain.engine.js","False","False","False","False","False","False","False"
"\ai\ai_os.kernel.js","False","False","False","False","False","False","False"
"\ai\ai_self_learning.loop.js","False","False","False","False","False","False","False"
"\ai\difficulty.adjuster.js","False","False","False","False","False","False","False"
"\ai\index.js","False","False","False","False","False","False","False"
"\ai\learner.profile.engine.js","False","False","False","False","False","False","False"
"\ai\learning.engine.bridge.js","False","False","False","False","False","False","False"
"\ai\learning.orchestrator.js","False","False","False","False","False","False","False"
"\ai\mastery.scoring.engine.js","False","False","False","False","False","False","False"
"\ai\mentor.gateway.js","System.Object[]","System.Object[]","System.Object[]","False","System.Object[]","System.Object[]","System.Object[]"
"\ai\mentor.orchestrator.js","False","False","False","False","False","False","False"
"\ai\mistake.analyzer.js","False","False","False","False","False","False","False"
"\ai\openai.client.js","False","False","False","False","False","False","False"
"\ai\question.generator.ai.js","False","False","False","False","False","False","False"
"\analytics\routes\audit.analytics.routes.js","False","False","False","False","False","False","False"
"\analytics\services\audit.analytics.service.js","False","False","False","False","False","False","False"
"\analytics\revenue.aggregator.js","False","False","False","False","False","False","True"
"\analytics\revenue.controller.js","False","False","False","False","False","False","True"
"\analytics\revenue.realtime.gateway.js","False","False","False","False","False","False","True"
"\analytics\revenue.routes.js","False","False","False","False","False","False","True"
"\analytics\revenue.service.js","False","False","False","False","False","False","True"
"\analytics\saas.dashboard.js","False","False","False","False","False","False","False"
"\api\api\ai.api.js","System.Object[]","System.Object[]","System.Object[]","False","System.Object[]","System.Object[]","System.Object[]"
"\api\api\course.api.js","System.Object[]","System.Object[]","System.Object[]","False","System.Object[]","System.Object[]","System.Object[]"
"\api\api\index.js","False","False","False","False","False","False","False"
"\api\api\jobs.api.js","False","False","False","False","False","False","False"
"\api\api\payment.api.js","System.Object[]","System.Object[]","System.Object[]","False","System.Object[]","System.Object[]","System.Object[]"
"\api\api\user.api.js","System.Object[]","System.Object[]","System.Object[]","False","System.Object[]","System.Object[]","System.Object[]"
"\api\api\user.routes.js","False","False","False","False","False","False","False"
"\api\consensus.translation.api.js","False","False","False","False","False","False","False"
"\api\translation.api.js","False","False","False","False","False","False","False"
"\auth\auth.controller.js","False","False","False","False","False","False","False"
"\auth\auth.middleware.js","False","False","False","False","False","False","True"
"\auth\auth.routes.js","False","False","False","False","False","False","False"
"\auth\auth.service.js","False","False","False","False","False","False","False"
"\auth\auth.validator.js","False","False","False","False","False","False","False"
"\auth\rbac.js","False","False","False","False","False","False","False"
"\auth\token.service.js","False","False","False","False","False","False","False"
"\backend\core\config\env.intelligent.js","False","False","False","False","False","False","True"
"\backend\src\bootstrap\module.hardening.v1.js","System.Object[]","System.Object[]","System.Object[]","False","System.Object[]","System.Object[]","System.Object[]"
"\backend\src\modules\auth\token.store.js","System.Object[]","System.Object[]","System.Object[]","False","System.Object[]","System.Object[]","System.Object[]"
"\billing\stripe.monetization.js","False","False","False","False","False","False","False"
"\billing\stripe.plans.js","False","False","False","False","False","False","False"
"\billing\stripe.service.js","False","False","False","False","False","False","False"
"\billing\stripe.usage.service.js","False","False","False","False","False","False","False"
"\billing\stripe.webhook.js","False","False","False","False","False","False","False"
"\billing\webhook.routes.js","False","False","False","False","False","False","False"
"\bootstrap\app.js","False","True","False","False","False","False","False"
"\bootstrap\auto-fix.engine.js","False","False","False","False","False","False","False"
"\bootstrap\auto-fix.engine.v2.js","False","False","False","False","False","False","False"
"\bootstrap\module.registry.js","False","False","False","False","False","False","False"
"\bootstrap\rebuild.inventory.js","False","False","False","False","False","False","False"
"\bootstrap\rebuild.map.engine.js","False","False","False","False","False","False","False"
"\careers\jobs.engine.js","False","False","False","False","False","False","False"
"\careers\jobs.routes.js","False","False","False","False","False","False","False"
"\certificates\controllers\audit.admin.controller.js","False","False","False","False","False","False","False"
"\certificates\controllers\certificate.admin.controller.js","False","False","False","False","False","False","False"
"\certificates\controllers\certificate.controller.js","False","False","False","False","False","False","False"
"\certificates\controllers\certificate.verify.controller.js","False","False","False","False","False","False","False"
"\certificates\models\certificate.model.js","False","False","False","False","False","False","False"
"\certificates\routes\admin.certificates.routes.js","False","False","False","False","False","False","False"
"\certificates\routes\audit.admin.routes.js","False","False","False","False","False","False","False"
"\certificates\routes\certificate.admin.routes.js","False","False","False","False","False","False","False"
"\certificates\routes\certificate.public.routes.js","False","False","False","False","False","False","False"
"\certificates\routes\certificate.routes.js","False","False","False","False","False","False","False"
"\certificates\routes\certificate.verify.routes.js","False","False","False","False","False","False","False"
"\certificates\routes\verify.routes.js","False","False","False","False","False","False","False"
"\certificates\services\certificate.admin.service.js","False","False","False","False","False","False","False"
"\certificates\services\certificate.db.service.js","False","False","False","False","False","False","False"
"\certificates\services\certificate.hash.js","False","False","False","False","False","False","False"
"\certificates\services\certificate.pdf.js","False","False","False","False","False","False","False"
"\certificates\services\certificate.qr.js","False","False","False","False","False","False","False"
"\certificates\services\certificate.service.js","False","False","False","False","False","False","False"
"\certificates\services\certificate.template.js","False","False","False","False","False","False","False"
"\certificates\services\certificate.trigger.service.js","False","False","False","False","False","False","False"
"\certificates\services\certificate.verify.service.js","False","False","False","False","False","False","False"
"\config\ai\ai.config.js","False","False","False","False","False","False","False"
"\config\ai\learning.rules.js","False","False","False","False","False","False","False"
"\config\aws.config.js","False","False","False","False","False","False","False"
"\config\db.js","False","False","False","False","False","False","False"
"\config\env.js","False","False","False","False","False","False","False"
"\config\firebase.config.js","False","False","False","False","False","False","False"
"\config\system.config.js","False","False","False","False","False","False","False"
"\control-center\server.js","True","True","True","True","False","False","False"
"\control-plane\autoScaler.js","System.Object[]","System.Object[]","System.Object[]","False","System.Object[]","System.Object[]","System.Object[]"
"\control-plane\clusterManager.js","System.Object[]","System.Object[]","System.Object[]","False","System.Object[]","System.Object[]","System.Object[]"
"\control-plane\healthMonitor.js","System.Object[]","System.Object[]","System.Object[]","False","System.Object[]","System.Object[]","System.Object[]"
"\control-plane\incidentRouter.js","System.Object[]","System.Object[]","System.Object[]","False","System.Object[]","System.Object[]","System.Object[]"
"\control-plane\loadBalancer.js","System.Object[]","System.Object[]","System.Object[]","False","System.Object[]","System.Object[]","System.Object[]"
"\control-plane\ObservabilityControlPlaneV7.js","False","False","False","False","False","False","False"
"\core\config\env.js","False","False","False","False","False","False","True"
"\core\http\http.server.js","False","True","True","False","True","False","True"
"\core\ws\ws.handlers.js","False","False","False","False","False","False","True"
"\core\ws\ws.manager.js","False","False","False","True","False","False","True"
"\core\certificate.core.engine.js","False","False","False","False","False","False","True"
"\core\course_engine.js","False","False","False","False","False","False","False"
"\core\mentor.analytics.engine.js","False","False","False","False","False","False","False"
"\core\mentor.context.analyzer.js","False","False","False","False","False","False","False"
"\core\mentor.dialogue.engine.js","False","False","False","False","False","False","False"
"\core\mentor.difficulty.adjuster.js","False","False","False","False","False","False","False"
"\core\mentor.feedback.loop.js","False","False","False","False","False","False","False"
"\core\mentor.learning.engine.js","False","False","False","False","False","False","False"
"\core\mentor.memory.store.js","False","False","False","False","False","False","False"
"\core\mentor.orchestrator.js","False","False","False","False","False","False","False"
"\core\mentor.personality.engine.js","False","False","False","False","False","False","False"
"\core\mentor.response.generator.js","False","False","False","False","False","False","False"
"\core\mentoring.core.js","False","False","False","False","False","False","False"
"\courses\controllers\course.controller.js","False","False","False","False","False","False","False"
"\courses\models\course.model.js","False","False","False","False","False","False","False"
"\courses\routes\course.routes.js","False","False","False","False","False","False","False"
"\courses\services\course.progress.js","False","False","False","False","False","False","False"
"\courses\services\course.progress.service.js","False","False","False","False","False","False","False"
"\courses\services\course.service.js","False","False","False","False","False","False","False"
"\courses\course.seed.js","False","False","False","False","False","False","False"
"\data\memory.db.js","System.Object[]","System.Object[]","System.Object[]","False","System.Object[]","System.Object[]","System.Object[]"
"\database\core.db.js","False","False","False","False","False","False","False"
"\database\index.js","False","False","False","False","False","False","False"
"\database\mongo.js","False","False","False","False","False","False","False"
"\database\mongodb.js","False","False","False","False","False","False","False"
"\events\ai.event.bus.service.js","False","False","False","False","False","False","True"
"\ledger\certificate.ledger.js","False","False","False","False","False","False","True"
"\loaders\route.loader.js","False","False","False","False","False","False","False"
"\models\ai\analytics.model.js","False","False","False","False","False","False","False"
"\models\ai\feedback.model.js","False","False","False","False","False","False","False"
"\models\ai\memory.model.js","False","False","False","False","False","False","False"
"\models\billing\pricing.model.js","False","False","False","False","False","False","False"
"\models\billing\subscription.model.js","False","False","False","False","False","False","False"
"\models\aiLog.model.js","False","False","False","False","False","False","False"
"\models\ai_log.model.js","False","False","False","False","False","False","False"
"\models\certificate.audit.model.js","False","False","False","False","False","False","False"
"\models\certificate.model.js","False","False","False","False","False","False","False"
"\models\course.model.js","False","False","False","False","False","False","True"
"\models\payment.model.js","False","False","False","False","False","False","True"
"\models\progress.model.js","False","False","False","False","False","False","False"
"\models\user.language.model.js","False","False","False","False","False","False","False"
"\models\user.model.js","False","False","False","False","False","False","True"
"\models\user.usage.model.js","False","False","False","False","False","False","False"
"\payment\payment.controller.js","False","False","False","False","False","False","True"
"\payment\payment.gateway.routes.js","False","False","False","False","False","False","True"
"\payment\payment.routes.js","False","False","False","False","False","False","True"
"\payment\payment.service.js","False","False","False","False","False","False","True"
"\payment\payment.webhook.js","False","False","False","False","False","False","True"
"\query\ObservabilityQueryEngineV9.js","False","False","False","False","False","False","False"
"\realtime\manager\ws.events.js","False","False","False","False","False","False","True"
"\realtime\manager\ws.heartbeat.js","False","False","False","False","False","False","True"
"\realtime\manager\ws.manager.js","False","False","False","True","False","False","True"
"\realtime\manager\ws.registry.js","False","False","False","False","False","False","True"
"\realtime\ai.websocket.gateway.js","False","False","False","True","False","False","True"
"\realtime\audit.stream.js","False","False","False","False","False","False","False"
"\realtime\events.js","False","False","False","False","False","False","False"
"\realtime\realtime.server.js","False","False","False","True","False","False","False"
"\realtime\realtime.service.js","False","False","False","False","False","False","False"
"\realtime\socket.init.js","False","False","False","False","False","False","False"
"\realtime\socket.js","False","False","False","False","False","False","False"
"\realtime\websocket.js","System.Object[]","System.Object[]","System.Object[]","False","System.Object[]","System.Object[]","System.Object[]"
"\scripts\seed.audit.logs.js","False","False","False","False","False","False","False"
"\security\ai\ai.hook.js","False","False","False","False","False","False","False"
"\security\ai\ai.metrics.service.js","False","False","False","False","False","False","False"
"\security\ai\feature.engine.js","False","False","False","False","False","False","False"
"\security\ai\fraud.model.js","False","False","False","False","False","False","False"
"\security\ai\risk.scoring.service.js","False","False","False","False","False","False","False"
"\security\ai\seed.ai.fraud.js","False","False","False","False","False","False","False"
"\security\alert\alert.engine.service.js","False","False","False","False","False","False","False"
"\security\alert\alert.hook.js","False","False","False","False","False","False","False"
"\security\alert\alert.rules.engine.js","False","False","False","False","False","False","False"
"\security\alert\alert.types.js","False","False","False","False","False","False","False"
"\security\alert\notification.service.js","False","False","False","False","False","False","False"
"\security\alert\security.actions.service.js","False","False","False","False","False","False","False"
"\security\alert\seed.alerts.js","False","False","False","False","False","False","False"
"\security\auto\adaptive.throttle.js","False","False","False","False","False","False","False"
"\security\auto\auto.protection.hook.js","False","False","False","False","False","False","False"
"\security\auto\auto.protection.metrics.js","False","False","False","False","False","False","False"
"\security\auto\auto.protection.service.js","False","False","False","False","False","False","False"
"\security\auto\quarantine.service.js","False","False","False","False","False","False","False"
"\security\auto\safety.guard.js","False","False","False","False","False","False","False"
"\security\core\security.adaptive.learning.js","False","False","False","False","False","False","False"
"\security\core\security.decision.engine.js","False","False","False","False","False","False","False"
"\security\core\security.enforcement.layer.js","False","False","False","False","False","False","False"
"\security\core\security.intelligence.core.js","False","False","False","False","False","False","False"
"\security\core\security.ml.gateway.js","False","False","False","False","False","False","False"
"\security\core\security.observability.js","False","False","False","False","False","False","False"
"\security\core\security.stream.engine.js","False","False","False","False","False","False","False"
"\security\models\security.model.js","False","False","False","False","False","False","False"
"\security\predictive\feature.engine.js","False","False","False","False","False","False","False"
"\security\predictive\predictive.metrics.js","False","False","False","False","False","False","False"
"\security\predictive\predictive.quarantine.service.js","False","False","False","False","False","False","False"
"\security\predictive\predictive.security.engine.js","False","False","False","False","False","False","False"
"\security\predictive\predictive.security.hook.js","False","False","False","False","False","False","False"
"\security\predictive\predictive.stream.js","False","False","False","False","False","False","False"
"\security\predictive\risk.forecast.model.js","False","False","False","False","False","False","False"
"\security\predictive\threat.scoring.service.js","False","False","False","False","False","False","False"
"\security\routes\security.routes.js","False","False","False","False","False","False","False"
"\security\self-heal\policy.evolver.js","False","False","False","False","False","False","False"
"\security\self-heal\self.heal.feedback.js","False","False","False","False","False","False","False"
"\security\self-heal\self.heal.metrics.js","False","False","False","False","False","False","False"
"\security\self-heal\self.heal.scheduler.js","False","False","False","False","False","False","False"
"\security\self-heal\self.healing.engine.js","False","False","False","False","False","False","False"
"\security\self-heal\threshold.manager.js","False","False","False","False","False","False","False"
"\security\services\security.alert.service.js","False","False","False","False","False","False","False"
"\security\services\security.analyzer.service.js","False","False","False","False","False","False","False"
"\security\services\security.stream.js","False","False","False","False","False","False","False"
"\security\ai.guard.js","False","False","False","False","False","False","False"
"\security\cors.config.js","False","False","False","False","False","False","False"
"\security\helmet.config.js","False","False","False","False","False","False","False"
"\security\rbac.js","False","False","False","False","False","False","False"
"\services\dataIntelligenceLayer.js","False","False","False","False","False","False","True"
"\services\selfHealingIntelligenceLayer.js","False","False","False","False","False","False","False"
"\session\session.memory.engine.js","False","False","False","False","False","False","False"
"\shared\legacy_middlewares\middlewares\auth.middleware.js","False","False","False","False","False","False","False"
"\shared\legacy_middlewares\middlewares\paywall.middleware.js","False","False","False","False","False","False","False"
"\shared\legacy_middlewares\middlewares\rateLimit.js","False","False","False","False","False","False","False"
"\socket\socket.init.js","False","False","False","False","False","False","False"
"\src\api\admin.js","False","False","False","False","False","False","False"
"\src\api\auth.js","False","False","False","False","False","False","False"
"\src\api\certificate.js","False","False","False","False","False","False","False"
"\src\api\client.js","False","False","False","False","False","False","False"
"\src\bootstrap\auto-heal.engine.v4.js","False","False","False","False","False","False","False"
"\src\bootstrap\boot.orchestrator.v3.js","False","False","False","False","False","False","False"
"\src\bootstrap\boot.v3.ultra.ai.js","False","False","False","False","False","False","False"
"\src\bootstrap\clean.architecture.lock.v1.js","False","False","False","False","False","False","False"
"\src\bootstrap\clean.architecture.lock.v2.ultra.js","False","False","False","False","False","False","False"
"\src\bootstrap\global.root.controller.v2.js","False","False","False","False","False","False","False"
"\src\bootstrap\immortal.guardian.v6.js","False","False","False","False","False","False","False"
"\src\bootstrap\immortal.guardian.v6pp.js","False","False","False","False","False","False","False"
"\src\bootstrap\immortal.orchestrator.v5.js","False","False","False","False","False","False","False"
"\src\bootstrap\module.hardening.v1.js","False","False","False","False","False","False","False"
"\src\bootstrap\module.hardening.v2.js","False","False","False","False","False","False","False"
"\src\bootstrap\module.normalizer.v2.ai.js","False","False","False","False","False","False","False"
"\src\bootstrap\module.registry.js","False","False","False","False","False","False","False"
"\src\bootstrap\module.registry.v6.ultra.js","False","False","False","False","False","False","False"
"\src\bootstrap\module.registry.v7.js","False","False","False","False","False","False","False"
"\src\bootstrap\module.root.resolver.js","False","False","False","False","False","False","False"
"\src\bootstrap\module.system.v3.ai.js","False","False","False","False","False","False","False"
"\src\bootstrap\module.system.v5.ai.js","False","False","False","False","False","False","False"
"\src\bootstrap\module.system.v5.clean.js","False","False","False","False","False","False","False"
"\src\bootstrap\module.system.v6.ultra.js","False","False","False","False","False","False","False"
"\src\bootstrap\self.healing.v2.engine.js","False","False","False","False","False","False","False"
"\src\config\database.js","False","False","False","False","False","False","False"
"\src\controllers\auth.controller.js","False","False","False","False","False","False","False"
"\src\middlewares\abuse.middleware.js","False","False","False","False","False","False","False"
"\src\middlewares\auth.middleware.js","False","False","False","False","False","False","False"
"\src\middlewares\error.middleware.js","False","False","False","False","False","False","False"
"\src\middlewares\jwt.middleware.js","False","False","False","False","False","False","False"
"\src\middlewares\policy.middleware.js","False","False","False","False","False","False","False"
"\src\middlewares\rateLimiter.middleware.js","False","False","False","False","False","False","False"
"\src\middlewares\security.middleware.js","False","False","False","False","False","False","False"
"\src\models\user.model.js","False","False","False","False","False","False","False"
"\src\modules\auth\auth.controller.js","False","False","False","False","False","False","False"
"\src\modules\auth\auth.middleware.js","False","False","False","False","False","False","False"
"\src\modules\auth\auth.routes.js","False","False","False","False","False","False","False"
"\src\modules\auth\auth.service.js","False","False","False","False","False","False","False"
"\src\modules\auth\token.store.js","False","False","False","False","False","False","False"
"\src\modules\certificates\certificate.routes.js","False","False","False","False","False","False","False"
"\src\modules\certificates\certificates.controller.js","False","False","False","False","False","False","False"
"\src\modules\certificates\certificates.service.js","False","False","False","False","False","False","False"
"\src\modules\courses\course.controller.js","False","False","False","False","False","False","False"
"\src\modules\courses\course.routes.js","False","False","False","False","False","False","False"
"\src\modules\courses\course.service.js","False","False","False","False","False","False","False"
"\src\modules\courses\courses.controller.js","False","False","False","False","False","False","False"
"\src\modules\courses\courses.routes.js","False","False","False","False","False","False","False"
"\src\modules\courses\courses.service.js","False","False","False","False","False","False","False"
"\src\modules\marketplace\market.routes.js","False","False","False","False","False","False","False"
"\src\modules\marketplace\marketplace.controller.js","False","False","False","False","False","False","False"
"\src\modules\marketplace\marketplace.service.js","False","False","False","False","False","False","False"
"\src\modules\notifications\notification.controller.js","False","False","False","False","False","False","False"
"\src\modules\notifications\notification.routes.js","False","False","False","False","False","False","False"
"\src\modules\notifications\notification.service.js","False","False","False","False","False","False","False"
"\src\modules\notifications\notifications.controller.js","False","False","False","False","False","False","False"
"\src\modules\notifications\notifications.routes.js","False","False","False","False","False","False","False"
"\src\modules\notifications\notifications.service.js","False","False","False","False","False","False","False"
"\src\modules\payments\payment.controller.js","False","False","False","False","False","False","False"
"\src\modules\payments\payment.routes.js","False","False","False","False","False","False","False"
"\src\modules\payments\payment.service.js","False","False","False","False","False","False","False"
"\src\modules\payments\payments.controller.js","False","False","False","False","False","False","False"
"\src\modules\payments\payments.routes.js","False","False","False","False","False","False","False"
"\src\modules\payments\payments.service.js","False","False","False","False","False","False","False"
"\src\modules\users\user.controller.js","False","False","False","False","False","False","False"
"\src\modules\users\user.routes.js","False","False","False","False","False","False","False"
"\src\modules\users\user.service.js","False","False","False","False","False","False","False"
"\src\modules\users\users.controller.js","False","False","False","False","False","False","False"
"\src\modules\users\users.routes.js","False","False","False","False","False","False","False"
"\src\modules\users\users.service.js","False","False","False","False","False","False","False"
"\src\routes\auth.routes.js","False","False","False","False","False","False","False"
"\src\services\audit.service.js","False","False","False","False","False","False","False"
"\src\services\auth.service.js","False","False","False","False","False","False","False"
"\src\utils\jwt.js","False","False","False","False","False","False","False"
"\src\app.js","False","True","False","False","False","False","False"
"\storage\ObservabilityStorageEngineV8.js","False","False","False","False","False","False","False"
"\tools\auto-launch-engine.v6.clean.js","False","False","False","False","False","False","False"
"\tools\auto-root-detector.v6.js","False","False","False","False","False","False","False"
"\tools\boot-engine.js","False","False","False","False","False","False","False"
"\tools\launch-ollama-agent.js","False","False","False","False","False","False","False"
"\tools\ollama-auto-repair.agent.js","False","False","False","False","False","False","False"
"\tools\ollama-auto-repair.agent.v3.js","False","False","False","False","False","False","False"
"\tools\ollama-auto-repair.agent.v4.js","False","False","False","False","False","False","False"
"\tools\ollama-auto-repair.agent.v5.js","False","False","False","False","False","False","False"
"\tools\ollama-repair.engine.js","False","False","False","False","False","False","False"
"\tools\smart-backend-finder.v6.js","False","False","False","False","False","False","False"
"\tools\v6-launcher.js","False","False","False","False","False","False","False"
"\utils\certificate.crypto.js","False","False","False","False","False","False","True"
"\utils\language.map.js","False","False","False","False","False","False","False"
"\utils\logger.js","False","False","False","False","False","False","False"
"\utils\shutdown.js","False","False","False","False","False","False","False"
"\video\tutor\video.tutor.connection.manager.js","False","False","False","False","False","False","True"
"\video\tutor\video.tutor.media.codec.manager.js","False","False","False","False","False","False","True"
"\video\tutor\video.tutor.media.stream.manager.js","False","False","False","False","False","False","True"
"\video\tutor\video.tutor.network.optimizer.js","False","False","False","False","False","False","True"
"\video\tutor\video.tutor.realtime.session.manager.js","False","False","False","False","False","False","True"
"\video\tutor\video.tutor.stun.turn.config.js","False","False","False","False","False","False","True"
"\video\tutor\video.tutor.subscription.manager.js","False","False","False","False","False","False","True"
"\video\tutor\video.tutor.sync.engine.js","False","False","False","False","False","False","True"
"\video\tutor\video.tutor.webrtc.engine.js","False","False","False","False","False","False","True"
"\video\video.access.guard.js","False","False","False","False","False","False","True"
"\video\video.audit.logger.js","False","False","False","False","False","False","True"
"\video\video.auth.middleware.js","False","False","False","False","False","False","True"
"\video\video.join.policy.engine.js","False","False","False","False","False","False","True"
"\video\video.room.security.js","False","False","False","False","False","False","True"
"\video\video.secure.signaling.gateway.js","False","False","False","False","False","False","True"
"\video\video.security.monitor.js","False","False","False","False","False","False","True"
"\video\video.session.manager.js","False","False","False","False","False","False","True"
"\video\video.session.validator.js","False","False","False","False","False","False","True"
"\video\video.token.service.js","False","False","False","False","False","False","True"
"\websocket\learning.websocket.server.js","False","False","False","False","False","False","False"
"\batch-generator.js","False","False","False","False","False","False","True"
"\control-center.server.js","True","True","True","True","False","False","False"
"\db.js","False","False","False","False","False","False","False"
"\eslint.config.js","False","False","False","False","False","False","False"
"\generate-pdf.js","False","False","False","False","False","False","True"
"\run-batch.js","False","False","False","False","False","False","False"
"\server.bootstrap.js","False","False","False","True","False","False","False"
"\server.js","True","False","False","True","True","True","False"
